{
	"info": {
		"_postman_id": "11d8f5fd-ace5-46fe-8a85-a76f9c709680",
		"name": "API-List",
		"schema": "https://schema.getpostman.com/json/collection/v2.1.0/collection.json",
		"_exporter_id": "13435608"
	},
	"item": [
		{
			"name": "Retrieving a list of items",
			"request": {
				"method": "POST",
				"header": [],
				"body": {
					"mode": "formdata",
					"formdata": [
						{
							"key": "action",
							"value": "list",
							"type": "text"
						}
					]
				},
				"url": {
					"raw": "http://localhost/NeelamKadam-MT/task3/productApi/api.php",
					"protocol": "http",
					"host": [
						"localhost"
					],
					"path": [
						"NeelamKadam-MT",
						"task3",
						"productApi",
						"api.php"
					]
				}
			},
			"response": []
		},
		{
			"name": "Retrieving details of a specific item",
			"request": {
				"method": "POST",
				"header": [],
				"body": {
					"mode": "formdata",
					"formdata": [
						{
							"key": "id",
							"value": "3",
							"type": "text"
						},
						{
							"key": "action",
							"value": "fetch",
							"type": "text"
						}
					]
				},
				"url": {
					"raw": "http://localhost/NeelamKadam-MT/task3/productApi/api.php",
					"protocol": "http",
					"host": [
						"localhost"
					],
					"path": [
						"NeelamKadam-MT",
						"task3",
						"productApi",
						"api.php"
					]
				}
			},
			"response": []
		},
		{
			"name": "Updating an existing item",
			"request": {
				"method": "POST",
				"header": [],
				"body": {
					"mode": "formdata",
					"formdata": [
						{
							"key": "product_name",
							"value": "updatedCoffee Maker",
							"type": "text"
						},
						{
							"key": "product_qty",
							"value": "780",
							"type": "text"
						},
						{
							"key": "product_price",
							"value": "159",
							"type": "text"
						},
						{
							"key": "product_desc",
							"value": "12-cup programmable coffee maker with thermal carafe",
							"type": "text"
						},
						{
							"key": "action",
							"value": "update",
							"type": "text"
						},
						{
							"key": "id",
							"value": "2",
							"type": "text"
						}
					]
				},
				"url": {
					"raw": "http://localhost/NeelamKadam-MT/task3/productApi/api.php",
					"protocol": "http",
					"host": [
						"localhost"
					],
					"path": [
						"NeelamKadam-MT",
						"task3",
						"productApi",
						"api.php"
					]
				}
			},
			"response": []
		},
		{
			"name": "    5.Deleting an item.",
			"request": {
				"method": "DELETE",
				"header": [],
				"body": {
					"mode": "formdata",
					"formdata": [
						{
							"key": "action",
							"value": "delete",
							"type": "text",
							"disabled": true
						}
					]
				},
				"url": {
					"raw": "http://localhost/NeelamKadam-MT/task3/productApi/api.php",
					"protocol": "http",
					"host": [
						"localhost"
					],
					"path": [
						"NeelamKadam-MT",
						"task3",
						"productApi",
						"api.php"
					]
				}
			},
			"response": []
		},
		{
			"name": "Add new Product",
			"request": {
				"method": "POST",
				"header": [],
				"body": {
					"mode": "formdata",
					"formdata": [
						{
							"key": "product_name",
							"value": "bat",
							"type": "text"
						},
						{
							"key": "product_qty",
							"value": "70",
							"type": "text"
						},
						{
							"key": "product_price",
							"value": "159",
							"type": "text"
						},
						{
							"key": "product_desc",
							"value": "w",
							"type": "text"
						},
						{
							"key": "action",
							"value": "add",
							"type": "text"
						}
					]
				},
				"url": {
					"raw": "http://localhost/NeelamKadam-MT\\task3\\productApi/api.php",
					"protocol": "http",
					"host": [
						"localhost"
					],
					"path": [
						"NeelamKadam-MT",
						"task3",
						"productApi",
						"api.php"
					]
				}
			},
			"response": []
		}
	]
}